image_name,blur,brightness,noise,best_pipeline
scan_000.png,34545.9672941899,237.24573763250882,64.90087111508238,denoise+clahe+adaptive
scan_001.png,33108.466750950014,238.1974823321555,63.26387124830511,denoise+clahe+adaptive
scan_002.png,30186.362711217665,240.95134717314488,58.18111226677049,denoise+clahe+adaptive
scan_003.png,33944.54342587621,237.42594964664312,64.59516695762682,denoise+clahe+adaptive
scan_004.png,29658.752645102246,241.0324425795053,58.02270660639102,denoise+clahe+adaptive
scan_005.png,29013.098056537103,241.12029593639576,57.85048272336065,denoise+clahe+adaptive
scan_006.png,27587.947653936168,242.03036660777386,56.0271820163117,denoise+clahe+adaptive
scan_007.png,35099.426536306,236.03944346289754,66.89872355108483,denoise+clahe+adaptive
scan_008.png,28864.896155743536,240.60894434628975,58.844003168274746,denoise+clahe+adaptive
scan_009.png,36919.78185038237,235.2059628975265,68.23251099231689,denoise+clahe+adaptive
scan_010.png,31422.23975979847,239.51415636042404,60.902206650190244,denoise+clahe+adaptive
scan_011.png,26675.471916941136,242.7410777385159,54.55038039890587,denoise+clahe+adaptive
scan_012.png,30777.734093865496,239.0512367491166,61.746024809233965,denoise+clahe+adaptive
scan_013.png,29347.413742397126,240.60556537102474,58.850497721776755,denoise+clahe+adaptive
scan_014.png,28008.714542469446,241.9425132508834,56.206415655344706,denoise+clahe+adaptive
scan_015.png,28668.729578008042,241.40976148409894,57.27840988222081,denoise+clahe+adaptive
scan_016.png,30073.775275685,240.3003312720848,59.43345240609809,denoise+clahe+adaptive
scan_017.png,29898.86250564801,240.57740724381625,58.90458361635478,denoise+clahe+adaptive
scan_018.png,30139.259816321042,240.94458922261484,58.1942881742889,denoise+clahe+adaptive
scan_019.png,34020.94211751145,237.14774734982333,65.0662854411508,denoise+clahe+adaptive
scan_020.png,22952.618603073126,244.49701855123675,50.67492131342252,denoise+clahe+adaptive
scan_021.png,29375.273519049417,240.38255300353356,59.27713916346195,denoise+clahe+adaptive
scan_022.png,38355.84638875921,234.9761925795053,68.59386290779292,denoise+clahe+adaptive
scan_023.png,30664.284992999488,240.18319346289752,59.65524210832781,denoise+clahe+adaptive
scan_024.png,37072.00464547595,234.5718418727915,69.22333911310497,denoise+clahe+adaptive
scan_025.png,26122.587450755957,242.98436395759717,54.033431145071944,denoise+clahe+adaptive
scan_026.png,32041.183481657412,239.192027385159,61.49098323000609,denoise+clahe+adaptive
scan_027.png,27252.482867838822,242.55973939929328,54.931833843107,denoise+clahe+adaptive
scan_028.png,34472.153598554716,236.44492049469966,66.23635178965982,denoise+clahe+adaptive
scan_029.png,28722.151329180957,241.76230123674912,56.571870360475096,denoise+clahe+adaptive
scan_030.png,34011.46410077334,238.42049469964664,62.872043513676736,denoise+clahe+adaptive
scan_031.png,30256.15543136191,239.30240724381625,61.290062281644516,denoise+clahe+adaptive
scan_032.png,26434.213448378032,243.95187720848057,51.915414807366844,denoise+clahe+adaptive
scan_033.png,30905.54380662402,240.13138250883392,59.753005565818526,denoise+clahe+adaptive
scan_034.png,28183.627203406137,241.62826855123674,56.84178320124013,denoise+clahe+adaptive
scan_035.png,35843.020714047416,237.35048586572438,64.7234173623758,denoise+clahe+adaptive
scan_036.png,35839.861406427044,237.07678886925794,65.18571424094444,denoise+clahe+adaptive
scan_037.png,30575.248974468544,239.45108215547702,61.01807276715344,denoise+clahe+adaptive
scan_038.png,31178.108878091873,239.07151060070672,61.70938358366894,denoise+clahe+adaptive
scan_039.png,29961.187799556883,241.20589664310955,57.68205152893307,denoise+clahe+adaptive
scan_040.png,28615.882516500686,240.98513692579505,58.11517613268971,denoise+clahe+adaptive
scan_041.png,35869.444300619856,237.05989399293287,65.21410605273459,denoise+clahe+adaptive
scan_042.png,28289.89596026764,241.87268109540636,56.348379027692324,denoise+clahe+adaptive
scan_043.png,32077.372458978738,238.79668727915194,62.20367674572507,denoise+clahe+adaptive
scan_044.png,28147.725595021147,241.78032243816256,56.535457046260824,denoise+clahe+adaptive
scan_045.png,31951.28595256332,239.91738074204946,60.15465490797105,denoise+clahe+adaptive
scan_046.png,30267.069546840074,239.9984761484099,60.00285713435361,denoise+clahe+adaptive
scan_047.png,31897.864394218857,239.33394434628974,61.23249865840006,denoise+clahe+adaptive
scan_048.png,29114.771417187054,241.1180432862191,57.85490679113438,denoise+clahe+adaptive
scan_049.png,32517.95703363553,238.52974823321554,62.678904005006096,denoise+clahe+adaptive
scan_050.png,35028.48496203442,236.74339664310955,65.74291056742348,denoise+clahe+adaptive
scan_051.png,35415.647963123454,235.71506183745583,67.42218026373526,denoise+clahe+adaptive
scan_052.png,29142.05643313171,240.79591431095406,58.48320956005197,denoise+clahe+adaptive
scan_053.png,32347.352521760462,238.936351590106,61.95312376536213,denoise+clahe+adaptive
scan_054.png,29577.758531883275,241.06060070671379,57.96757686095148,denoise+clahe+adaptive
scan_055.png,29683.740140546277,240.1708038869258,59.67863898811624,denoise+clahe+adaptive
scan_056.png,33492.47040636042,237.87760600706713,63.82032663774651,denoise+clahe+adaptive
scan_057.png,29942.518866072045,240.48730123674912,59.077235541586674,denoise+clahe+adaptive
scan_058.png,38799.30311268899,233.79693021201413,70.4074756506878,denoise+clahe+adaptive
scan_059.png,37852.36210962179,235.44474381625443,67.8541250215726,denoise+clahe+adaptive
scan_060.png,26805.292511982276,241.9481448763251,56.19494758755188,denoise+clahe+adaptive
scan_061.png,28461.64927298848,241.25770759717315,57.579805159761136,denoise+clahe+adaptive
scan_062.png,36153.497799186196,235.69929328621907,67.44748277261907,denoise+clahe+adaptive
scan_063.png,31249.912097399065,239.9646863957597,60.066166132885655,denoise+clahe+adaptive
scan_064.png,32923.78836181467,239.32718639575972,61.24483964227527,denoise+clahe+adaptive
scan_065.png,34534.19158442044,237.39328621908126,64.65072036699269,denoise+clahe+adaptive
scan_066.png,30436.812286818706,240.2023409893993,59.61906016962334,denoise+clahe+adaptive
scan_067.png,37589.562327414176,235.8693683745583,67.17387883767977,denoise+clahe+adaptive
scan_068.png,32585.739277451787,239.02871024734984,61.78670399497521,denoise+clahe+adaptive
scan_069.png,25912.634816321042,242.1351148409894,55.812547383121405,denoise+clahe+adaptive
scan_070.png,33469.780586187226,238.31236749116607,63.06242312980655,denoise+clahe+adaptive
scan_071.png,30942.019693645514,239.1751325088339,61.521661056366035,denoise+clahe+adaptive
scan_072.png,31618.98057303779,238.98027826855125,61.87404590914014,denoise+clahe+adaptive
scan_073.png,32633.416598143456,238.38332597173144,62.937572414629614,denoise+clahe+adaptive
scan_074.png,34614.036617699814,236.75803886925794,65.71857380104744,denoise+clahe+adaptive
scan_075.png,29930.456030939014,240.96598939929328,58.152551531635,denoise+clahe+adaptive
scan_076.png,29703.845063670866,240.50757508833922,59.03844486987587,denoise+clahe+adaptive
scan_077.png,31086.487901619123,239.43080830388692,61.05525491256685,denoise+clahe+adaptive
scan_078.png,30930.244146257897,239.99734982332154,60.00496881700059,denoise+clahe+adaptive
scan_079.png,33928.74679643458,238.42162102473497,62.870056380164556,denoise+clahe+adaptive
scan_080.png,27380.005475531518,241.70485865724382,56.68774346434123,denoise+clahe+adaptive
scan_081.png,35537.71343822917,237.48226590106006,64.49923400528505,denoise+clahe+adaptive
scan_082.png,33168.78143913286,238.81470848056537,62.17142169748692,denoise+clahe+adaptive
scan_083.png,33914.386050069596,236.77268109540637,65.69422475546554,denoise+clahe+adaptive
scan_084.png,29897.7137758443,240.73847173144875,58.59435570023686,denoise+clahe+adaptive
scan_085.png,33193.1943184906,238.07246024734982,63.482131618655046,denoise+clahe+adaptive
scan_086.png,39603.4992257632,236.91009275618376,65.46511745260423,denoise+clahe+adaptive
scan_087.png,32413.69875817645,240.1302561837456,59.755128583108586,denoise+clahe+adaptive
scan_088.png,28091.431856957086,242.03374558303886,56.020274211393534,denoise+clahe+adaptive
scan_089.png,31914.809928532148,239.96356007067138,60.068274956340225,denoise+clahe+adaptive
scan_090.png,26832.290493903172,242.85708922261483,54.30462195877695,denoise+clahe+adaptive
scan_091.png,33767.33313787581,238.5455167844523,62.65096329725444,denoise+clahe+adaptive
scan_092.png,28306.554201761082,240.22712014134277,59.5721947274001,denoise+clahe+adaptive
scan_093.png,27638.784279710995,242.7523409893993,54.52657972460065,denoise+clahe+adaptive
scan_094.png,30481.330206013004,240.6416077738516,58.78117547606483,denoise+clahe+adaptive
scan_095.png,26171.700860038814,242.84920494699648,54.32136704921744,denoise+clahe+adaptive
scan_096.png,30940.009374624933,240.61682862190813,58.828845667086355,denoise+clahe+adaptive
scan_097.png,35376.58700905984,236.09238074204947,66.81275959555752,denoise+clahe+adaptive
scan_098.png,24662.971505526275,244.44408127208482,50.7969669904417,denoise+clahe+adaptive
scan_099.png,32474.300673211506,239.3012809187279,61.29211682534456,denoise+clahe+adaptive
scan_100.png,33838.2747146846,237.3966651943463,64.6449764418068,denoise+clahe+adaptive
scan_101.png,29922.988495603324,240.86462014134275,58.34991773952269,denoise+clahe+adaptive
scan_102.png,27549.46088209485,242.8875,54.23997459208476,denoise+clahe+adaptive
scan_103.png,31839.27296312345,238.4711793286219,62.78254023544156,denoise+clahe+adaptive
scan_104.png,39131.03399030297,234.77570671378092,68.9069862137277,denoise+clahe+adaptive
scan_105.png,30881.705147546785,240.04803445229683,59.9098484468506,denoise+clahe+adaptive
scan_106.png,24896.188383392226,243.98791961130743,51.834492228916254,denoise+clahe+adaptive
scan_107.png,32693.44412036727,237.87197438162545,63.83006557337863,denoise+clahe+adaptive
scan_108.png,30551.697537169104,239.82389575971732,60.32903481210485,denoise+clahe+adaptive
scan_109.png,33484.14122091469,238.53087455830388,62.676908784800375,denoise+clahe+adaptive
scan_110.png,28069.029230652293,241.73977473498232,56.617346003680645,denoise+clahe+adaptive
scan_111.png,27367.942498314373,242.66448763250884,54.71188891220737,denoise+clahe+adaptive
scan_112.png,31872.87684549328,238.49257950530034,62.7446993359565,denoise+clahe+adaptive
scan_113.png,25324.997207684093,243.4912102473498,52.93665219255076,denoise+clahe+adaptive
scan_114.png,26838.3219761687,242.2331051236749,55.61083157694877,denoise+clahe+adaptive
scan_115.png,33895.142883618144,238.00938604240284,63.5918673772927,denoise+clahe+adaptive
scan_116.png,27757.977689271862,241.7161219081272,56.66504651253562,denoise+clahe+adaptive
scan_117.png,28038.87188782947,241.06060070671379,57.96757686095148,denoise+clahe+adaptive
scan_118.png,33682.030837536986,236.0473277385159,66.88593006624949,denoise+clahe+adaptive
scan_119.png,29903.170824703124,240.32173144876324,59.392818698081214,denoise+clahe+adaptive
scan_120.png,26944.59058587166,242.52820229681979,54.99784247006334,denoise+clahe+adaptive
scan_121.png,27123.237170514985,243.7953180212014,52.26517967392464,denoise+clahe+adaptive
scan_122.png,29994.504526116554,240.0300132508834,59.943691225649495,denoise+clahe+adaptive
scan_123.png,34005.71979207848,236.79182862190814,65.66236514533621,denoise+clahe+adaptive
scan_124.png,32368.319125441696,238.10625,63.42324070037339,denoise+clahe+adaptive
scan_125.png,31088.498448989172,240.47603798586573,59.09877190785122,denoise+clahe+adaptive
scan_126.png,36466.27242258612,237.06439929328621,65.20653653968552,denoise+clahe+adaptive
scan_127.png,28120.727430420662,242.20832597173145,55.661925521517844,denoise+clahe+adaptive
scan_128.png,38170.30676561729,234.90636042402826,68.70315669941036,denoise+clahe+adaptive
scan_129.png,33495.342515037955,238.34840989399294,62.999047802116266,denoise+clahe+adaptive
scan_130.png,30040.458559274197,239.73491607773852,60.49440976671309,denoise+clahe+adaptive
scan_131.png,28041.456812787474,241.9256183745583,56.24080244448815,denoise+clahe+adaptive
scan_132.png,33117.94476768813,238.84962455830387,62.10886499304885,denoise+clahe+adaptive
scan_133.png,27419.92808224239,242.36826413427562,55.33111145439146,denoise+clahe+adaptive
scan_134.png,30630.10662394141,242.2387367491166,55.59921122837012,denoise+clahe+adaptive
scan_135.png,34554.58370141343,237.8415636042403,63.88262159125435,denoise+clahe+adaptive
scan_136.png,30520.965748253504,240.32961572438163,59.377839430955845,denoise+clahe+adaptive
scan_137.png,31722.664511504383,240.07957155477033,59.850564479746964,denoise+clahe+adaptive
scan_138.png,32233.61624478656,239.23595406360425,61.4111274077925,denoise+clahe+adaptive
scan_139.png,25474.92226915086,243.1319125441696,53.716950782574315,denoise+clahe+adaptive
scan_140.png,30533.315820387612,240.58078621908126,58.898096642204315,denoise+clahe+adaptive
scan_141.png,36982.39422144768,234.95704505300353,68.62385495202648,denoise+clahe+adaptive
scan_142.png,26230.00507443087,242.1092093639576,55.865724097773345,denoise+clahe+adaptive
scan_143.png,33116.795936395756,238.34615724381626,63.00301123183844,denoise+clahe+adaptive
scan_144.png,37325.03931095406,235.84571554770318,67.21202215717207,denoise+clahe+adaptive
scan_145.png,33043.55664625789,238.09836572438164,63.436988414456806,denoise+clahe+adaptive
scan_146.png,27326.583922261485,242.2646422261484,55.54571895928752,denoise+clahe+adaptive
scan_147.png,33571.45394176274,238.932972614841,61.95920120708545,denoise+clahe+adaptive
scan_148.png,29225.922802186768,241.89520759717314,56.30263296507241,denoise+clahe+adaptive
scan_149.png,31056.043334481306,238.77416077738516,62.24396471376673,denoise+clahe+adaptive
scan_150.png,35581.3697073134,236.56093197879858,66.0451596706062,denoise+clahe+adaptive
scan_151.png,32758.641391018413,239.38575530035337,61.13777687215533,denoise+clahe+adaptive
scan_152.png,26287.73484019292,242.96071113074206,54.08395496987382,denoise+clahe+adaptive
scan_153.png,30449.73696489023,239.0050574204947,61.82937950240307,denoise+clahe+adaptive
scan_154.png,30753.320970934976,239.49275618374557,60.9415503771287,denoise+clahe+adaptive
scan_155.png,34820.830056151884,237.86972173144878,63.83396059248218,denoise+clahe+adaptive
scan_156.png,28179.031781822407,242.58339222614842,54.882263380098344,denoise+clahe+adaptive
scan_157.png,27464.446113074206,242.05401943462897,55.978805197776836,denoise+clahe+adaptive
scan_158.png,32343.33159193942,238.17720848056538,63.29933272120227,denoise+clahe+adaptive
scan_159.png,30082.10445605631,240.46590106007068,59.11814609480176,denoise+clahe+adaptive
scan_160.png,32064.447879858657,239.04898409893994,61.75009430352675,denoise+clahe+adaptive
scan_161.png,28538.04787835837,241.5122570671378,57.07412056665336,denoise+clahe+adaptive
scan_162.png,35579.93374558304,235.89752650176678,67.12843099833906,denoise+clahe+adaptive
scan_163.png,31504.669941310898,240.17868816254418,59.663751423859765,denoise+clahe+adaptive
scan_164.png,28623.63732182127,241.32866607773852,57.43940092795798,denoise+clahe+adaptive
scan_165.png,29273.31293662168,240.75874558303886,58.555158175488465,denoise+clahe+adaptive
scan_166.png,27989.184045139926,242.34010600706713,55.38953016848565,denoise+clahe+adaptive
scan_167.png,25099.24789052599,243.85163427561838,52.13968931047391,denoise+clahe+adaptive
scan_168.png,37265.01178365582,234.70700088339223,69.01383166864696,denoise+clahe+adaptive
scan_169.png,27064.071313624525,242.76473056537102,54.50038428940132,denoise+clahe+adaptive
scan_170.png,31494.617409975148,239.07151060070672,61.70938358366894,denoise+clahe+adaptive
scan_171.png,28920.04099654759,241.227296819788,57.63984696426459,denoise+clahe+adaptive
scan_172.png,28478.594700738686,240.98288427561837,58.11957481336738,denoise+clahe+adaptive
scan_173.png,31411.03853671726,238.66828621908127,62.432861051792464,denoise+clahe+adaptive
scan_174.png,35441.78434060419,236.03944346289754,66.89872355108483,denoise+clahe+adaptive
scan_175.png,34242.38317904485,237.85170053003534,63.865109333104556,denoise+clahe+adaptive
scan_176.png,26485.624538006152,242.46287544169613,55.13426584418319,denoise+clahe+adaptive
scan_177.png,28709.513870349998,242.3446113074205,55.380188277465294,denoise+clahe+adaptive
scan_178.png,32262.911980631998,239.15260600706713,61.562533832117694,denoise+clahe+adaptive
scan_179.png,31488.01159325436,239.4386925795053,61.0407986808086,denoise+clahe+adaptive
scan_180.png,29491.020135341627,240.06943462897527,59.86962825433998,denoise+clahe+adaptive
scan_181.png,29188.29784283734,240.33412102473497,59.36927768278353,denoise+clahe+adaptive
scan_182.png,30928.80803736897,239.6222835689046,60.70291201659231,denoise+clahe+adaptive
scan_183.png,34823.989378995546,238.05106007067138,63.51939166310402,denoise+clahe+adaptive
scan_184.png,32781.90569280543,238.84286660777386,62.12097919031442,denoise+clahe+adaptive
scan_185.png,33371.840943729396,238.05894434628976,63.50566766072148,denoise+clahe+adaptive
scan_186.png,26676.908342982104,243.1319125441696,53.71695078257431,denoise+clahe+adaptive
scan_187.png,34597.95284767132,238.59056978798586,62.5710420576535,denoise+clahe+adaptive
scan_188.png,30533.02870517292,239.73604240282685,60.492320055944724,denoise+clahe+adaptive
scan_189.png,35706.30700946564,236.83800795053003,65.58544059019373,denoise+clahe+adaptive
scan_190.png,36080.25853188328,235.97186395759718,67.0082437433226,denoise+clahe+adaptive
scan_191.png,32800.287242130624,237.96771201413426,63.66423330538344,denoise+clahe+adaptive
scan_192.png,31756.268287311123,239.65269434628976,60.64670766717437,denoise+clahe+adaptive
scan_193.png,34695.60520238374,237.4484761484099,64.55681677904,denoise+clahe+adaptive
scan_194.png,23778.355781144648,244.8833480565371,49.77348289036912,denoise+clahe+adaptive
scan_195.png,34740.69763871287,238.01276501766785,63.58599506298325,denoise+clahe+adaptive
scan_196.png,34672.05362300017,236.56881625441696,66.03213854525863,denoise+clahe+adaptive
scan_197.png,27670.664953200496,242.71629858657244,54.6026971862177,denoise+clahe+adaptive
scan_198.png,31793.31882340271,238.9532464664311,61.92272484389689,denoise+clahe+adaptive
scan_199.png,37524.939360771685,235.92117932862192,67.09022188807255,denoise+clahe+adaptive
scan_200.png,30790.945846556253,240.32398409893992,59.38853939980466,denoise+clahe+adaptive
scan_201.png,33894.56844259979,238.3821996466431,62.939556731216165,denoise+clahe+adaptive
scan_202.png,27404.131277732817,241.58208922261485,56.93440891590381,denoise+clahe+adaptive
scan_203.png,31478.533568904593,239.21568021201412,61.44800073856752,denoise+clahe+adaptive
scan_204.png,23531.639905975208,245.0725706713781,49.32484795439114,denoise+clahe+adaptive
scan_205.png,32863.186936462385,237.63431978798587,64.23925283530052,denoise+clahe+adaptive
scan_206.png,24817.204835303834,244.23571113074206,51.27400654132605,denoise+clahe+adaptive
scan_207.png,27052.008371928412,242.26238957597172,55.55037298536252,denoise+clahe+adaptive
scan_208.png,31509.83976331751,238.47455830388694,62.77656735802939,denoise+clahe+adaptive
scan_209.png,34713.12517517816,237.8933745583039,63.79304706337537,denoise+clahe+adaptive
scan_210.png,29273.88734719343,241.17661219081273,57.739742299559744,denoise+clahe+adaptive
scan_211.png,31475.94865155825,239.125574204947,61.61153449976613,denoise+clahe+adaptive
scan_212.png,26323.349259783936,243.04631183745582,53.90083321027065,denoise+clahe+adaptive
scan_213.png,28420.577847671324,242.31983215547703,55.43154466355851,denoise+clahe+adaptive
scan_214.png,30041.03301551584,240.25753091872792,59.514613508886356,denoise+clahe+adaptive
scan_215.png,27214.283525827024,241.43116166077738,57.23583145745163,denoise+clahe+adaptive
scan_216.png,33862.97471940591,237.38765459363958,64.66029204936335,denoise+clahe+adaptive
scan_217.png,32652.3726798268,237.99361749116608,63.61926197085186,denoise+clahe+adaptive
scan_218.png,32497.85208006435,239.84191696113075,60.295469925180996,denoise+clahe+adaptive
scan_219.png,33938.512004503886,237.72667844522968,64.080647304252,denoise+clahe+adaptive
scan_220.png,33393.3819452963,238.01501766784452,63.58207978570702,denoise+clahe+adaptive
scan_221.png,30837.47438162544,239.77659010600706,60.417028346052206,denoise+clahe+adaptive
scan_222.png,27560.949641568677,242.63632950530035,54.771120383345306,denoise+clahe+adaptive
scan_223.png,25843.990864038755,243.14092314487633,53.69755016945194,denoise+clahe+adaptive
scan_224.png,30505.456267010373,240.21022526501767,59.604153552491404,denoise+clahe+adaptive
scan_225.png,35351.59942988767,236.84363957597174,65.5760511488759,denoise+clahe+adaptive
scan_226.png,32788.51159325436,239.47698763250884,60.97051943971745,denoise+clahe+adaptive
scan_227.png,31332.342192646127,240.1798144876325,59.66162424065173,denoise+clahe+adaptive
scan_228.png,33151.261479024506,239.5535777385159,60.82964504251504,denoise+clahe+adaptive
scan_229.png,33205.257463164024,239.14922703180213,61.568661697336786,denoise+clahe+adaptive
scan_230.png,32127.06028644501,239.54569346289753,60.84416633021117,denoise+clahe+adaptive
scan_231.png,35197.07895191161,237.46875,64.52227540499095,denoise+clahe+adaptive
scan_232.png,26936.548761750597,242.73769876325088,54.557518123080406,denoise+clahe+adaptive
scan_233.png,29827.346589309527,240.61119699646642,58.8396729598879,denoise+clahe+adaptive
scan_234.png,32458.216750950014,239.5423144876325,60.850388365683045,denoise+clahe+adaptive
scan_235.png,31365.658888759208,239.95792844522967,60.078817646551606,denoise+clahe+adaptive
scan_236.png,31572.452154680563,239.87007508833923,60.2429765586081,denoise+clahe+adaptive
scan_237.png,26793.80398593235,243.26819787985866,53.422601580697,denoise+clahe+adaptive
scan_238.png,33956.03189610738,238.90368816254417,62.011839706483606,denoise+clahe+adaptive
scan_239.png,27603.74433665935,241.9830609540636,56.12378065123694,denoise+clahe+adaptive
scan_240.png,37402.29956897122,236.47871024734982,66.18074276422236,denoise+clahe+adaptive
scan_241.png,31131.8676003215,238.80344522968198,62.191583674989204,denoise+clahe+adaptive
scan_242.png,28410.812507666757,241.54379416961132,57.0110779708587,denoise+clahe+adaptive
scan_243.png,32092.307529650123,239.32718639575972,61.244839642275274,denoise+clahe+adaptive
scan_244.png,31439.75972498125,239.65269434628976,60.64670766717437,denoise+clahe+adaptive
scan_245.png,34032.430328946546,238.31462014134274,63.058464641393805,denoise+clahe+adaptive
scan_246.png,35550.63794884441,236.21177120141343,66.61832182103913,denoise+clahe+adaptive
scan_247.png,29791.732220462844,241.3680874558304,57.361212148553506,denoise+clahe+adaptive
scan_248.png,31300.17435827203,239.92639134275618,60.13781281062222,denoise+clahe+adaptive
scan_249.png,31283.515979768894,239.27312279151943,61.34345133290039,denoise+clahe+adaptive
scan_250.png,29343.105674526447,240.27329946996466,59.48472851629792,denoise+clahe+adaptive
scan_251.png,32809.47811574466,238.02064929328623,63.572290188339394,denoise+clahe+adaptive
scan_252.png,28130.205589242898,241.17435954063603,57.7441770486532,denoise+clahe+adaptive
scan_253.png,33074.28830070102,238.66715989399293,62.4348665498967,denoise+clahe+adaptive
scan_254.png,39153.43659631004,234.64843197879858,69.1047286694968,denoise+clahe+adaptive
scan_255.png,34991.43445638944,237.82692137809187,63.90790576472002,denoise+clahe+adaptive
scan_256.png,33023.45173328218,239.41391342756182,61.086217605350186,denoise+clahe+adaptive
scan_257.png,33898.87662464523,237.4518551236749,64.55106160910448,denoise+clahe+adaptive
scan_258.png,27030.1802069397,243.01139575971732,53.975619029724534,denoise+clahe+adaptive
scan_259.png,35938.94961884396,234.97957155477033,68.58856827783335,denoise+clahe+adaptive
scan_260.png,29257.80344522968,240.8511042402827,58.376169517265936,denoise+clahe+adaptive
scan_261.png,26853.25706206338,243.18147084805653,53.61014178707463,denoise+clahe+adaptive
scan_262.png,26399.460643376042,242.40430653710249,55.25622443876879,denoise+clahe+adaptive
scan_263.png,29648.987406586344,241.27234982332155,57.5508680706012,denoise+clahe+adaptive
scan_264.png,32784.77782685513,239.10980565371025,61.64009475934498,denoise+clahe+adaptive
scan_265.png,27261.673726229572,242.24098939929328,55.59456224911989,denoise+clahe+adaptive
scan_266.png,37340.26153236117,236.37846731448764,66.34553003215852,denoise+clahe+adaptive
scan_267.png,28154.90591365348,242.36826413427562,55.33111145439146,denoise+clahe+adaptive
scan_268.png,28005.55516634424,241.4717093639576,57.1550475868718,denoise+clahe+adaptive
scan_269.png,27417.917578005017,243.0677120141343,53.85493421979201,denoise+clahe+adaptive
scan_270.png,32693.156911275564,239.1233215547703,61.615615594428235,denoise+clahe+adaptive
scan_271.png,33349.151108332895,238.05669169611306,63.50958920675367,denoise+clahe+adaptive
scan_272.png,34656.54427876673,238.06908127208482,63.488016716913634,denoise+clahe+adaptive
scan_273.png,33127.99723813068,238.0488074204947,63.52331208230862,denoise+clahe+adaptive
scan_274.png,38195.294385384936,235.74997791519434,67.36610632476791,denoise+clahe+adaptive
scan_275.png,34916.47194722239,236.23542402826854,66.57970833063658,denoise+clahe+adaptive
scan_276.png,33038.0996024735,239.38462897526503,61.13983806870352,denoise+clahe+adaptive
scan_277.png,34524.71355499624,236.71749116607774,65.78593788483776,denoise+clahe+adaptive
scan_278.png,30745.56624934253,240.22599381625443,59.5743259981829,denoise+clahe+adaptive
scan_279.png,30145.004053973844,239.45220848056536,61.016006230529605,denoise+clahe+adaptive
scan_280.png,27085.325007148294,241.93800795053002,56.21558801893319,denoise+clahe+adaptive
scan_281.png,30767.107220462844,239.9004858657244,60.18621750159329,denoise+clahe+adaptive
scan_282.png,30691.282914027182,239.5310512367491,60.87112253596852,denoise+clahe+adaptive
scan_283.png,33728.84661975613,238.2526722614841,63.16720341237445,denoise+clahe+adaptive
scan_284.png,28984.376685593525,241.59447879858658,56.909576590226706,denoise+clahe+adaptive
scan_285.png,36947.06701094836,235.87612632508834,67.16297523761506,denoise+clahe+adaptive
scan_286.png,32371.191173226034,239.05348939929328,61.74195496452765,denoise+clahe+adaptive
scan_287.png,28060.70004266933,241.27572879858658,57.5441876852083,denoise+clahe+adaptive
scan_288.png,30781.7550338354,239.26749116607775,61.35371152946441,denoise+clahe+adaptive
scan_289.png,30645.61608488681,239.80812720848056,60.35838436310027,denoise+clahe+adaptive
scan_290.png,27247.31275151511,242.93593197879858,54.13682303373727,denoise+clahe+adaptive
scan_291.png,30669.167603377176,239.59525176678446,60.75281500754683,denoise+clahe+adaptive
scan_292.png,29306.62963273476,240.14377208480565,59.72964599347931,denoise+clahe+adaptive
scan_293.png,25655.86648593235,242.61267667844524,54.820814185159016,denoise+clahe+adaptive
scan_294.png,31082.466971798072,240.30145759717314,59.431314674615344,denoise+clahe+adaptive
scan_295.png,27348.986507970814,242.73431978798587,54.564654704306605,denoise+clahe+adaptive
scan_296.png,32290.19713612356,239.14697438162545,61.57274649898828,denoise+clahe+adaptive
scan_297.png,31816.583087131483,239.98608657243815,60.02608039525775,denoise+clahe+adaptive
scan_298.png,35803.959759983816,236.92698763250883,65.43687322660487,denoise+clahe+adaptive
scan_299.png,28264.046814713554,240.99640017667843,58.09317642318472,denoise+clahe+adaptive
scan_300.png,29255.505736975043,241.38047703180212,57.33661091317824,denoise+clahe+adaptive
scan_301.png,32824.98763250883,238.2064929328622,63.248102125724955,denoise+clahe+adaptive
scan_302.png,27732.70291369406,241.20026501766785,57.69315154255398,denoise+clahe+adaptive
scan_303.png,28790.50799879226,241.79496466431095,56.50584971827173,denoise+clahe+adaptive
scan_304.png,35417.08392992825,237.04187279151944,65.24437221191246,denoise+clahe+adaptive
scan_305.png,33334.50326705095,237.14211572438163,65.07577475129519,denoise+clahe+adaptive
scan_306.png,34991.43450713376,235.94483215547703,67.0519826609953,denoise+clahe+adaptive
scan_307.png,34182.93016634424,237.82579505300353,63.90985014786579,denoise+clahe+adaptive
scan_308.png,27129.268558903517,241.68345848056538,56.730836494952236,denoise+clahe+adaptive
scan_309.png,36318.645297723466,235.10008833922262,68.39934933456232,denoise+clahe+adaptive
scan_310.png,34220.555039428305,237.54759275618375,64.3877110058211,denoise+clahe+adaptive
scan_311.png,29396.23987915788,240.69905035335688,58.67047808820183,denoise+clahe+adaptive
scan_312.png,28324.074314102418,242.1643992932862,55.75235900578399,denoise+clahe+adaptive
scan_313.png,36153.78503365006,236.72537544169612,65.77284667414455,denoise+clahe+adaptive
scan_314.png,26379.068572052947,242.6092977031802,54.82790878996417,denoise+clahe+adaptive
scan_315.png,34532.468307035284,237.82016342756182,63.91957087869136,denoise+clahe+adaptive
scan_316.png,31303.907944528906,240.10885600706715,59.79544755898746,denoise+clahe+adaptive
scan_317.png,32705.507062063378,238.8586351590106,62.09270790940244,denoise+clahe+adaptive
scan_318.png,28291.04470529466,241.81185954063605,56.47166341061592,denoise+clahe+adaptive
scan_319.png,29750.947978865217,241.17773851590107,57.73752476431965,denoise+clahe+adaptive
scan_320.png,27641.656408686256,242.0314929328622,56.02487953195204,denoise+clahe+adaptive
scan_321.png,38612.04015126872,233.86338339222615,70.30704568788474,denoise+clahe+adaptive
scan_322.png,32062.15015638071,238.89918286219083,62.0199327445312,denoise+clahe+adaptive
scan_323.png,30269.941696113074,239.90161219081273,60.184113991203205,denoise+clahe+adaptive
scan_324.png,27849.598546495446,242.38403268551238,55.29836375440169,denoise+clahe+adaptive
scan_325.png,27944.666072664084,241.5719522968198,56.95471621553452,denoise+clahe+adaptive
scan_326.png,28703.76976463245,240.8578621908127,58.36304549566199,denoise+clahe+adaptive
scan_327.png,26299.223356093986,242.9336793286219,54.14162609911977,denoise+clahe+adaptive
scan_328.png,32471.428544236238,239.39138692579505,61.12746953556985,denoise+clahe+adaptive
scan_329.png,35104.59636846148,237.93279593639576,63.724779965648935,denoise+clahe+adaptive
scan_330.png,35803.959785355975,236.0619699646643,66.86216177623427,denoise+clahe+adaptive
scan_331.png,29354.019612399472,241.2588339222615,57.57757987834614,denoise+clahe+adaptive
scan_332.png,31335.5015002665,239.93202296819788,60.12728341841684,denoise+clahe+adaptive
scan_333.png,28052.370852149157,241.49310954063606,57.112353981048194,denoise+clahe+adaptive
scan_334.png,28758.627409030887,241.4919832155477,57.1146020084732,denoise+clahe+adaptive
scan_335.png,28895.34076347681,241.7273851590106,56.642338226233605,denoise+clahe+adaptive
scan_336.png,31211.712775685,239.4184187279152,61.077962878955304,denoise+clahe+adaptive
scan_337.png,22398.010555036817,245.9601148409894,47.15348546883468,denoise+clahe+adaptive
scan_338.png,33840.57243308811,236.8109761484099,65.63048448306445,denoise+clahe+adaptive
scan_339.png,29143.20534561501,241.36696113074206,57.36344796863312,denoise+clahe+adaptive
scan_340.png,31988.049228818873,239.62904151943462,60.69042797618835,denoise+clahe+adaptive
scan_341.png,29024.29929737884,240.4467535335689,59.15471972909043,denoise+clahe+adaptive
scan_342.png,28537.186253620483,240.46026943462897,59.12890603804561,denoise+clahe+adaptive
scan_343.png,26199.560466697596,242.5484761484099,54.95541953191477,denoise+clahe+adaptive
scan_344.png,32068.4687792331,237.94068021201414,63.71111484119258,denoise+clahe+adaptive
scan_345.png,28141.69404425077,241.8997128975265,56.293478209855785,denoise+clahe+adaptive
scan_346.png,32235.339552618316,239.08052120141343,61.69308947054711,denoise+clahe+adaptive
scan_347.png,37559.979440833005,234.37924028268552,69.52034232220073,denoise+clahe+adaptive
scan_348.png,29074.561367960567,241.54492049469965,57.008824837542804,denoise+clahe+adaptive
scan_349.png,31451.822768166025,239.69324204946997,60.571663659082745,denoise+clahe+adaptive
scan_350.png,33445.08027699994,237.91252208480566,63.7599009321086,denoise+clahe+adaptive
scan_351.png,32987.262887896104,237.62418286219082,64.25662883263297,denoise+clahe+adaptive
scan_352.png,32887.02557270466,239.1514796819788,61.564576542234704,denoise+clahe+adaptive
scan_353.png,34530.17060385507,236.83237632508835,65.59482820397704,denoise+clahe+adaptive
scan_354.png,27180.105298853072,243.16682862190814,53.64172589085976,denoise+clahe+adaptive
scan_355.png,31835.251967334774,239.00956272084807,61.82125380324515,denoise+clahe+adaptive
scan_356.png,30480.755957823098,239.80587455830388,60.36257565490816,denoise+clahe+adaptive
scan_357.png,34830.88250883392,236.21515017667843,66.61280749272059,denoise+clahe+adaptive
scan_358.png,29253.495240349308,241.6643109540636,56.769358851266524,denoise+clahe+adaptive
scan_359.png,24792.217268817738,244.3123012367491,51.0992786619829,denoise+clahe+adaptive
scan_360.png,30192.394086920096,241.234054770318,57.6265111342193,denoise+clahe+adaptive
scan_361.png,36537.788757565315,237.2018109540636,64.97509271558518,denoise+clahe+adaptive
scan_362.png,35698.83986486128,236.7107332155477,65.797156097528,denoise+clahe+adaptive
scan_363.png,27976.546555862362,241.34668727915195,57.403674059793275,denoise+clahe+adaptive
scan_364.png,34733.51727441064,237.33021201413428,64.75781442366872,denoise+clahe+adaptive
scan_365.png,32770.991562103954,238.53312720848058,62.6729180931076,denoise+clahe+adaptive
scan_366.png,35544.89369089388,237.9508171378092,63.69353965348633,denoise+clahe+adaptive
scan_367.png,32676.785772310726,238.10174469964664,63.431097021840834,denoise+clahe+adaptive
scan_368.png,33315.260047317955,239.0512367491166,61.746024809233965,denoise+clahe+adaptive
scan_369.png,29348.849932476976,241.33204505300353,57.432704263781396,denoise+clahe+adaptive
scan_370.png,30571.515233441463,240.07506625441695,59.85903822994178,denoise+clahe+adaptive
scan_371.png,30300.098947596092,239.79573763250883,60.38143182776257,denoise+clahe+adaptive
scan_372.png,26784.325966657016,242.84807862190812,54.32375869022781,denoise+clahe+adaptive
scan_373.png,28594.05440733074,242.27252650176678,55.52942607664193,denoise+clahe+adaptive
scan_374.png,29658.75262987894,240.4264796819788,59.19341337206048,denoise+clahe+adaptive
scan_375.png,31033.06630267919,238.65139134275617,62.462934629822385,denoise+clahe+adaptive
scan_376.png,31645.978686893937,240.26090989399293,59.508211197101254,denoise+clahe+adaptive
scan_377.png,31893.843337536986,238.5567800353357,62.630995586714604,denoise+clahe+adaptive
scan_378.png,29732.56630267919,239.98270759717315,60.032412008921035,denoise+clahe+adaptive
scan_379.png,34644.1940797718,237.10607332155476,65.13646207025647,denoise+clahe+adaptive
scan_380.png,30275.68593376587,238.9678886925795,61.89636330527591,denoise+clahe+adaptive
scan_381.png,29029.469159980916,241.51676236749117,57.065119812675846,denoise+clahe+adaptive
scan_382.png,26449.148417560755,242.48765459363958,55.082567941716725,denoise+clahe+adaptive
scan_383.png,29859.227232352445,240.3318683745583,59.373558753929764,denoise+clahe+adaptive
scan_384.png,29657.890857982504,240.04578180212013,59.91408013605452,denoise+clahe+adaptive
scan_385.png,39819.19603188328,233.98390017667845,70.12438237277516,denoise+clahe+adaptive
scan_386.png,25705.841479357638,243.9439929328622,51.93309647856115,denoise+clahe+adaptive
scan_387.png,25269.852331359005,243.38308303886924,53.172935459748054,denoise+clahe+adaptive
scan_388.png,35677.87334237097,235.68915636042402,67.4637417137511,denoise+clahe+adaptive
scan_389.png,35911.9516724441,235.80516784452297,67.27734104562775,denoise+clahe+adaptive
scan_390.png,34913.31245692243,236.99907243816256,65.31617820404092,denoise+clahe+adaptive
scan_391.png,27202.22070591731,242.56875,54.91295633488967,denoise+clahe+adaptive
scan_392.png,28282.42842493195,242.29730565371025,55.478181428816,denoise+clahe+adaptive
scan_393.png,34768.55727835547,238.06908127208482,63.488016716913634,denoise+clahe+adaptive
scan_394.png,30265.34628975265,240.90742049469964,58.26668839687372,denoise+clahe+adaptive
scan_395.png,25396.800462512314,243.61961130742048,52.65440028918365,denoise+clahe+adaptive
scan_396.png,28504.4439122604,242.02135600706714,56.04559767102665,denoise+clahe+adaptive
scan_397.png,30079.23220529465,241.1698542402827,57.753045261638704,denoise+clahe+adaptive
scan_398.png,33308.07970585067,237.69964664310953,64.12712280879126,denoise+clahe+adaptive
scan_399.png,29159.86384590454,240.6967977031802,58.674824156066244,denoise+clahe+adaptive
scan_400.png,30338.01109066506,239.66283127208482,60.62795791571604,denoise+clahe+adaptive
scan_401.png,27399.823199713264,242.0776722614841,55.93037653315001,denoise+clahe+adaptive
scan_402.png,35541.447136123556,236.61950088339222,65.94834741643919,denoise+clahe+adaptive
scan_403.png,30738.960326058645,239.84304328621909,60.293371320491815,denoise+clahe+adaptive
scan_404.png,35188.749774077514,237.4372128975265,64.57599569750306,denoise+clahe+adaptive
scan_405.png,36453.06090839371,236.74902826855123,65.73355172495468,denoise+clahe+adaptive
scan_406.png,34064.311253620486,236.57444787985867,66.02283559272502,denoise+clahe+adaptive
scan_407.png,25578.893429395244,243.48107332155476,52.95885791045853,denoise+clahe+adaptive
scan_408.png,30489.372268632393,240.7170715547703,58.63569483311354,denoise+clahe+adaptive
scan_409.png,30462.94875817645,240.27217314487632,59.48686379514418,denoise+clahe+adaptive
scan_410.png,31208.553364038755,239.25848056537103,61.370123201111355,denoise+clahe+adaptive
scan_411.png,34111.126982558075,237.5464664310954,64.3896360141117,denoise+clahe+adaptive
scan_412.png,29345.403316813467,240.8950309187279,58.29079655435102,denoise+clahe+adaptive
scan_413.png,28382.37852849447,241.14620141342755,57.79957529514083,denoise+clahe+adaptive
scan_414.png,23769.739394218854,244.99372791519434,49.5123610888259,denoise+clahe+adaptive
scan_415.png,34176.03708217576,235.18681537102472,68.26272625120411,denoise+clahe+adaptive
scan_416.png,33257.24298112442,237.47325530035334,64.51459616740465,denoise+clahe+adaptive
scan_417.png,28533.165303501708,240.57965989399293,58.90025906784185,denoise+clahe+adaptive
scan_418.png,26449.43572814112,242.84019434628976,54.34049657631139,denoise+clahe+adaptive
scan_419.png,33806.106885384936,236.6960909893993,65.82145328564867,denoise+clahe+adaptive
scan_420.png,33507.692688660725,237.6669832155477,64.18322062023088,denoise+clahe+adaptive
scan_421.png,28918.030586187226,240.92544169611307,58.23159946319226,denoise+clahe+adaptive
scan_422.png,26517.21785017098,242.69715106007067,54.64308179123189,denoise+clahe+adaptive
scan_423.png,31292.41959100969,240.2428886925795,59.54234668916425,denoise+clahe+adaptive
scan_424.png,37402.29957912008,235.4154593639576,67.90068946826693,denoise+clahe+adaptive
scan_425.png,29575.74802003425,240.3172261484099,59.40137611350884,denoise+clahe+adaptive
scan_426.png,29789.147300579283,240.89728356890458,58.28641419055937,denoise+clahe+adaptive
scan_427.png,32112.986858272026,238.71671819787986,62.346544357272755,denoise+clahe+adaptive
scan_428.png,33500.51236749117,237.79876325088338,63.9564916589831,denoise+clahe+adaptive
scan_429.png,30925.361447077627,240.3634054770318,59.313587854109,denoise+clahe+adaptive
scan_430.png,34789.811032772435,238.0544390459364,63.51351043076058,denoise+clahe+adaptive
scan_431.png,34533.04272268147,237.89112190812722,63.79694509821765,denoise+clahe+adaptive
scan_432.png,29763.01092056132,241.2881183745583,57.51968460255591,denoise+clahe+adaptive
scan_433.png,35455.28330238664,235.9786219081272,66.9973028480519,denoise+clahe+adaptive
scan_434.png,28404.20653110134,241.4345406360424,57.22910492095786,denoise+clahe+adaptive
scan_435.png,33480.694524060236,237.75708922261484,64.02830839680485,denoise+clahe+adaptive
scan_436.png,31292.706812787474,239.06137367491166,61.72770774754824,denoise+clahe+adaptive
scan_437.png,26840.045091172015,243.2287765017668,53.507946039855725,denoise+clahe+adaptive
scan_438.png,32357.40503533569,238.4824425795053,62.762627726114275,denoise+clahe+adaptive
scan_439.png,30788.073717580988,241.02005300353358,58.04694277974448,denoise+clahe+adaptive
scan_440.png,30554.282418994415,239.73604240282685,60.49232005594473,denoise+clahe+adaptive
scan_441.png,28950.19840026359,241.6902164310954,56.717232578993034,denoise+clahe+adaptive
scan_442.png,33164.76047886521,238.8361086572438,62.133090290620494,denoise+clahe+adaptive
scan_443.png,31988.623654613926,239.06024734982333,61.729743327234395,denoise+clahe+adaptive
scan_444.png,30510.626099165856,240.3836793286219,59.27499423224652,denoise+clahe+adaptive
scan_445.png,34196.42918648268,236.73776501766784,65.75226759545852,denoise+clahe+adaptive
scan_446.png,27116.056806212757,243.23891342756184,53.48601610334561,denoise+clahe+adaptive
scan_447.png,31220.041915460846,239.059121024735,61.731778819247815,denoise+clahe+adaptive
scan_448.png,26142.117684214987,242.47864399293286,55.10137408038392,denoise+clahe+adaptive
scan_449.png,29001.609494966146,241.14394876325088,57.804004268697575,denoise+clahe+adaptive
scan_450.png,27422.22575497601,242.27815812720848,55.51778469036319,denoise+clahe+adaptive
scan_451.png,30724.025072707693,240.1077296819788,59.79756864514135,denoise+clahe+adaptive
scan_452.png,30042.756292901002,239.94666519434628,60.09989589567182,denoise+clahe+adaptive
scan_453.png,27421.938523049354,242.09681978798588,55.89113431019173,denoise+clahe+adaptive
scan_454.png,33500.799426887104,237.7593418727915,64.0244291640221,denoise+clahe+adaptive
scan_455.png,25121.93772084806,243.83699204946996,52.17235169015828,denoise+clahe+adaptive
scan_456.png,27431.70382245845,241.90083922261485,56.29118923207636,denoise+clahe+adaptive
scan_457.png,24492.079825154964,243.85726590106006,52.12712031207943,denoise+clahe+adaptive
scan_458.png,29520.028717914112,240.69116607773853,58.68568753931249,denoise+clahe+adaptive
scan_459.png,28854.843718284803,241.8771863957597,56.33923350729612,denoise+clahe+adaptive
scan_460.png,36049.23962014134,236.2545715547703,66.54842722362673,denoise+clahe+adaptive
scan_461.png,26208.176818102358,243.013648409894,53.97079794699532,denoise+clahe+adaptive
scan_462.png,30631.829764316888,240.6506183745583,58.763828682745554,denoise+clahe+adaptive
scan_463.png,37770.50648330247,236.1993816254417,66.63853565502912,denoise+clahe+adaptive
scan_464.png,31361.637887896104,240.01199204946997,59.97750949364276,denoise+clahe+adaptive
scan_465.png,30734.0777385159,239.76420053003534,60.44004698337034,denoise+clahe+adaptive
scan_466.png,28584.289199261428,241.36358215547702,57.37015477339182,denoise+clahe+adaptive
scan_467.png,32464.822613340704,238.72009717314486,62.34051639821579,denoise+clahe+adaptive
scan_468.png,26522.100595021147,242.85371024734982,54.31179919842888,denoise+clahe+adaptive
scan_469.png,32433.80358488681,238.1377871024735,63.368210208808556,denoise+clahe+adaptive
scan_470.png,36098.64023344147,235.49092314487632,67.78060576829789,denoise+clahe+adaptive
scan_471.png,27687.897727052088,241.59447879858658,56.909576590226706,denoise+clahe+adaptive
scan_472.png,34565.2105469067,237.89450088339223,63.79109792680099,denoise+clahe+adaptive
scan_473.png,27377.420593706203,241.94363957597173,56.20412227412752,denoise+clahe+adaptive
scan_474.png,28971.739394218854,240.01875,59.9648305128723,denoise+clahe+adaptive
scan_475.png,30585.01424343104,239.67296819787987,60.60920066852419,denoise+clahe+adaptive
scan_476.png,35748.527654269295,235.3839222614841,67.95078599602844,denoise+clahe+adaptive
scan_477.png,33015.69695079653,239.34520759717316,61.21192316489691,denoise+clahe+adaptive
scan_478.png,29967.793707617457,241.1935070671378,57.70646801507336,denoise+clahe+adaptive
scan_479.png,30095.316127556147,240.23275176678445,59.56153691006098,denoise+clahe+adaptive
scan_480.png,30673.188604240284,239.88133833922262,60.22196271365766,denoise+clahe+adaptive
scan_481.png,34716.57177561837,237.43608657243817,64.57791316802813,denoise+clahe+adaptive
scan_482.png,31253.933062741133,240.17868816254418,59.663751423859765,denoise+clahe+adaptive
scan_483.png,25608.76355044027,243.10713339222616,53.770258589968016,denoise+clahe+adaptive
scan_484.png,24214.34496466431,244.87095848056538,49.802691748071204,denoise+clahe+adaptive
scan_485.png,33757.85511860048,237.71766784452296,64.09614415013128,denoise+clahe+adaptive
scan_486.png,34872.528225473674,237.24123233215548,64.90848886101011,denoise+clahe+adaptive
scan_487.png,35197.94058679836,237.84606890459364,63.87483915676557,denoise+clahe+adaptive
scan_488.png,29729.69422444825,240.20684628975266,59.61054268682738,denoise+clahe+adaptive
scan_489.png,31155.131800619856,239.255101590106,61.37627610555308,denoise+clahe+adaptive
scan_490.png,31955.30695850085,239.73491607773852,60.4944097667131,denoise+clahe+adaptive
scan_491.png,27795.60255220706,242.2128312720848,55.65264002311303,denoise+clahe+adaptive
scan_492.png,25777.931897607657,243.61172703180213,52.6717841514057,denoise+clahe+adaptive
scan_493.png,28247.9628975265,241.86592314487632,56.362093850568066,denoise+clahe+adaptive
scan_494.png,31512.99903541685,239.91963339222616,60.1504449522817,denoise+clahe+adaptive
scan_495.png,28128.769543784398,241.39511925795054,57.30751965682363,denoise+clahe+adaptive
scan_496.png,30117.431636109028,240.22036219081272,59.58498088924757,denoise+clahe+adaptive
scan_497.png,29022.28886418352,241.56857332155477,56.961483305695985,denoise+clahe+adaptive
scan_498.png,29015.970180437937,240.60669169611307,58.84833297180495,denoise+clahe+adaptive
scan_499.png,35557.24389496324,236.9833038869258,65.34260608518044,denoise+clahe+adaptive
scan_500.png,27982.86523960794,241.74315371024736,56.610527557485256,denoise+clahe+adaptive
scan_501.png,28840.195892226147,240.87926236749118,58.3214614443397,denoise+clahe+adaptive
scan_502.png,32460.514403385907,238.8237190812721,62.15528593703047,denoise+clahe+adaptive
scan_503.png,32957.10556537103,238.9498674911661,61.92880619066964,denoise+clahe+adaptive
scan_504.png,26524.39829820136,242.81090989399294,54.4026107776037,denoise+clahe+adaptive
scan_505.png,30468.118412726777,240.94233657243817,58.19867930619783,denoise+clahe+adaptive
scan_506.png,33776.23670344671,238.3675574204947,62.96534532275123,denoise+clahe+adaptive
scan_507.png,25153.818341056023,244.21318462897526,51.325262140224204,denoise+clahe+adaptive
scan_508.png,28106.36683628867,241.14845406360425,57.79514589438145,denoise+clahe+adaptive
scan_509.png,33033.50419103865,238.32025176678445,63.04856698091169,denoise+clahe+adaptive
scan_510.png,32984.965154269295,238.7606448763251,62.26812107093224,denoise+clahe+adaptive
scan_511.png,29063.360281889043,241.78933303886924,56.51723943656862,denoise+clahe+adaptive
scan_512.png,27107.1532482535,241.8129858657244,56.469383407849406,denoise+clahe+adaptive
scan_513.png,31584.51506593007,239.84416961130742,60.29127262171359,denoise+clahe+adaptive
scan_514.png,29414.04725640967,240.62921819787985,58.80501670722055,denoise+clahe+adaptive
scan_515.png,36079.97139890807,236.66004858657243,65.88120970790642,denoise+clahe+adaptive
scan_516.png,30857.866435188025,240.31046819787986,59.414209285112406,denoise+clahe+adaptive
scan_517.png,32478.03445229682,238.04430212014134,63.5311519553275,denoise+clahe+adaptive
scan_518.png,29942.23174832013,241.02455830388692,58.038131102813594,denoise+clahe+adaptive
scan_519.png,37941.97260976656,235.22961572438163,68.19516035524126,denoise+clahe+adaptive
scan_520.png,35441.78431015759,235.18231007067138,68.26983299996995,denoise+clahe+adaptive
scan_521.png,33716.209039138776,237.78074204946998,63.987560767841956,denoise+clahe+adaptive
scan_522.png,29458.8524684238,241.16872791519435,57.75526204720673,denoise+clahe+adaptive
scan_523.png,28981.21741349418,241.80735424028268,56.480782276687066,denoise+clahe+adaptive
scan_524.png,37630.92094406252,235.41996466431095,67.89352860806304,denoise+clahe+adaptive
scan_525.png,28784.189375939874,241.7104902826855,56.67639640439923,denoise+clahe+adaptive
scan_526.png,33266.43385473846,238.4047261484099,62.89985467349035,denoise+clahe+adaptive
scan_527.png,24916.006072052947,244.39001766784452,50.92125066817384,denoise+clahe+adaptive
scan_528.png,29595.852993903172,240.91417844522968,58.2535331769121,denoise+clahe+adaptive
scan_529.png,27747.350754976007,241.70485865724382,56.687743464341224,denoise+clahe+adaptive
scan_530.png,30086.98706897122,239.49500883392227,60.93741048231106,denoise+clahe+adaptive
scan_531.png,32392.444927643,239.51978798586572,60.89184756272133,denoise+clahe+adaptive
scan_532.png,23939.482210313974,244.84955830388694,49.85309585053513,denoise+clahe+adaptive
scan_533.png,30164.821755320638,240.7305874558304,58.60959020849358,denoise+clahe+adaptive
scan_534.png,26587.29787835837,243.1916077738516,53.58826262066426,denoise+clahe+adaptive
scan_535.png,30237.48657653078,240.6708922261484,58.72477460780502,denoise+clahe+adaptive
scan_536.png,30949.774613140835,240.06380300353356,59.88021587621146,denoise+clahe+adaptive
scan_537.png,32066.17113694608,238.91044611307422,61.999697554792874,denoise+clahe+adaptive
scan_538.png,30802.43440305277,240.43323763250882,59.18051907375678,denoise+clahe+adaptive
scan_539.png,34997.1786737445,236.2770980565371,66.51160002885595,denoise+clahe+adaptive
scan_540.png,35825.787985865725,237.13761042402828,65.08336485238765,denoise+clahe+adaptive
scan_541.png,29192.606116222556,241.6068683745583,56.88473072583913,denoise+clahe+adaptive
scan_542.png,30882.27957334184,239.44094522968197,61.036667512941264,denoise+clahe+adaptive
scan_543.png,30009.726729763137,240.61344964664312,58.835342346555045,denoise+clahe+adaptive
scan_544.png,27392.355644079853,241.5235203180212,57.05161535211607,denoise+clahe+adaptive
scan_545.png,35250.50039861855,235.86598939929328,67.179329719135,denoise+clahe+adaptive
scan_546.png,33683.46697179808,237.7390680212014,64.05933095043163,denoise+clahe+adaptive
scan_547.png,27990.907352971673,241.89520759717314,56.30263296507242,denoise+clahe+adaptive
scan_548.png,31574.462671604015,240.16179328621908,59.695647525872786,denoise+clahe+adaptive
scan_549.png,35530.53280244477,236.8774293286219,65.5196760787347,denoise+clahe+adaptive
scan_550.png,30702.197105621854,240.36678445229683,59.3071578091445,denoise+clahe+adaptive
scan_551.png,27925.71000620403,241.24982332155477,57.59537910557646,denoise+clahe+adaptive
scan_552.png,32427.484936662255,237.95870141342755,63.67986559391639,denoise+clahe+adaptive
scan_553.png,27353.869146257897,240.92769434628974,58.22721146753181,denoise+clahe+adaptive
scan_554.png,34338.025095487516,236.8999558303887,65.48205604827176,denoise+clahe+adaptive
scan_555.png,28495.253099539557,242.0202296819788,56.04789910056239,denoise+clahe+adaptive
scan_556.png,23747.04957912009,244.43056537102473,50.828071791211116,denoise+clahe+adaptive
scan_557.png,35413.92450813314,237.10269434628975,65.14214758536738,denoise+clahe+adaptive
scan_558.png,31436.6003590049,239.95680212014133,60.0809258992517,denoise+clahe+adaptive
scan_559.png,32432.654814487632,237.96771201413426,63.66423330538344,denoise+clahe+adaptive
scan_560.png,34131.51910208828,236.54516342756185,66.07119140030949,denoise+clahe+adaptive
scan_561.png,30677.496694945916,239.21455388692578,61.45004841206517,denoise+clahe+adaptive
scan_562.png,34292.35832470313,237.96658568904593,63.66618762109658,denoise+clahe+adaptive
scan_563.png,30528.43328358919,240.87813604240282,58.32365101355022,denoise+clahe+adaptive
scan_564.png,29139.184456389437,241.73189045936397,56.63325173499994,denoise+clahe+adaptive
scan_565.png,27923.98674404218,242.21170494699646,55.654961577142664,denoise+clahe+adaptive
scan_566.png,28653.794710313974,241.67332155477033,56.751234745607256,denoise+clahe+adaptive
scan_567.png,31873.738510826628,239.6200309187279,60.70707262571221,denoise+clahe+adaptive
scan_568.png,30106.80475002029,240.2541519434629,59.52101494019136,denoise+clahe+adaptive
scan_569.png,29343.967294189897,241.44693021201414,57.20443247912158,denoise+clahe+adaptive
scan_570.png,29166.18246875693,241.9222393992933,56.24767667069295,denoise+clahe+adaptive
scan_571.png,28918.892180478513,241.45143551236748,57.19545737793128,denoise+clahe+adaptive
scan_572.png,25353.144091939415,243.89330830388693,52.04659241560706,denoise+clahe+adaptive
scan_573.png,28521.10226031694,241.6553003533569,56.78747574276282,denoise+clahe+adaptive
scan_574.png,25029.742277984788,243.42588339222615,53.079558774842745,denoise+clahe+adaptive
scan_575.png,28551.546868050216,242.06190371024735,55.96266807688867,denoise+clahe+adaptive
scan_576.png,34838.35003909518,238.19072438162544,63.27569466920952,denoise+clahe+adaptive
scan_577.png,33765.60984019293,237.59940371024734,64.29907699685876,denoise+clahe+adaptive
scan_578.png,31860.526595754018,238.98928886925796,61.85780845962096,denoise+clahe+adaptive
scan_579.png,28247.101257565315,241.68345848056538,56.730836494952236,denoise+clahe+adaptive
scan_580.png,27922.83787722877,241.86029151943464,56.37351970198356,denoise+clahe+adaptive
scan_581.png,34303.559628975265,238.63562279151944,62.490986123929154,denoise+clahe+adaptive
scan_582.png,25765.581822936336,243.22314487632508,53.52012462553758,denoise+clahe+adaptive
scan_583.png,30819.379906919476,240.41183745583038,59.2213387416068,denoise+clahe+adaptive
scan_584.png,30894.629736815743,240.26203621908127,59.50607689746151,denoise+clahe+adaptive
scan_585.png,29498.77500409262,241.46269876325087,57.17301190768714,denoise+clahe+adaptive
scan_586.png,34291.49664160926,236.94951413427563,65.39918849474358,denoise+clahe+adaptive
scan_587.png,31054.6071494759,240.39381625441695,59.255685394010435,denoise+clahe+adaptive
scan_588.png,31500.074504503882,239.75068462897528,60.46514533453415,denoise+clahe+adaptive
scan_589.png,35366.53455130337,236.8537765017668,65.55914554661034,denoise+clahe+adaptive
scan_590.png,40239.10136418351,233.39595848056538,71.00912601548039,denoise+clahe+adaptive
scan_591.png,29697.81359916585,239.92526501766784,60.139918404560134,denoise+clahe+adaptive
scan_592.png,30471.56512987894,238.88679328621907,62.04218146884505,denoise+clahe+adaptive
scan_593.png,27998.087671604015,241.3050132508834,57.48625017311753,denoise+clahe+adaptive
scan_594.png,30143.855202383747,239.65044169611306,60.65087326136981,denoise+clahe+adaptive
scan_595.png,32850.549568971226,239.12106890459364,61.61969633644715,denoise+clahe+adaptive
scan_596.png,26944.590763476805,241.7442800353357,56.60825451475959,denoise+clahe+adaptive
scan_597.png,27367.36810804035,242.0405035335689,56.00645543396305,denoise+clahe+adaptive
scan_598.png,34092.170916098024,237.8708480565371,63.83201312257667,denoise+clahe+adaptive
scan_599.png,33267.86991542027,237.8933745583039,63.79304706337537,denoise+clahe+adaptive
